id,title,description,availability,condition,price,link,image_link,brand
INV15-01,Invitación de 15 años Azul real y filigrana dorada · Modelo 01,"Celebra tus quince con la invitación de 15 años modelo 01: azul real y filigrana dorada. Un diseño especial con detalles calados y acabado elegante. Personalizamos los datos de tu evento: nombre, fecha, hora, lugar y mensaje. Consulta los colores disponibles, cantidades y tiempo de producción. Elaborada bajo pedido por Guanaprints. Precio publicado por pieza.",in stock,new,1.50 USD,https://guanaprints-bit.github.io/catalogos-guanaprints/15-anos/modelos/01.html,https://guanaprints-bit.github.io/catalogos-guanaprints/15-anos/imagenes/01.jpg,Guanaprints
INV15-03,Invitación de 15 años Negro elegante con lazo dorado · Modelo 03,"Celebra tus quince con la invitación de 15 años modelo 03: negro elegante con lazo dorado. Un diseño especial con detalles calados y acabado elegante. Personalizamos los datos de tu evento: nombre, fecha, hora, lugar y mensaje. Consulta los colores disponibles, cantidades y tiempo de producción. Elaborada bajo pedido por Guanaprints. Precio publicado por pieza.",in stock,new,1.50 USD,https://guanaprints-bit.github.io/catalogos-guanaprints/15-anos/modelos/03.html,https://guanaprints-bit.github.io/catalogos-guanaprints/15-anos/imagenes/03.jpg,Guanaprints
INV15-04,Invitación de 15 años Azul brillante con calado ornamental · Modelo 04,"Celebra tus quince con la invitación de 15 años modelo 04: azul brillante con calado ornamental. Un diseño especial con detalles calados y acabado elegante. Personalizamos los datos de tu evento: nombre, fecha, hora, lugar y mensaje. Consulta los colores disponibles, cantidades y tiempo de producción. Elaborada bajo pedido por Guanaprints. Precio publicado por pieza.",in stock,new,1.50 USD,https://guanaprints-bit.github.io/catalogos-guanaprints/15-anos/modelos/04.html,https://guanaprints-bit.github.io/catalogos-guanaprints/15-anos/imagenes/04.jpg,Guanaprints
INV15-05,Invitación de 15 años Azul noche con arabescos dorados · Modelo 05,"Celebra tus quince con la invitación de 15 años modelo 05: azul noche con arabescos dorados. Un diseño especial con detalles calados y acabado elegante. Personalizamos los datos de tu evento: nombre, fecha, hora, lugar y mensaje. Consulta los colores disponibles, cantidades y tiempo de producción. Elaborada bajo pedido por Guanaprints. Precio publicado por pieza.",in stock,new,1.50 USD,https://guanaprints-bit.github.io/catalogos-guanaprints/15-anos/modelos/05.html,https://guanaprints-bit.github.io/catalogos-guanaprints/15-anos/imagenes/05.jpg,Guanaprints
INV15-07,Invitación de 15 años Lila floral con marco calado · Modelo 07,"Celebra tus quince con la invitación de 15 años modelo 07: lila floral con marco calado. Un diseño especial con detalles calados y acabado elegante. Personalizamos los datos de tu evento: nombre, fecha, hora, lugar y mensaje. Consulta los colores disponibles, cantidades y tiempo de producción. Elaborada bajo pedido por Guanaprints. Precio publicado por pieza.",in stock,new,1.50 USD,https://guanaprints-bit.github.io/catalogos-guanaprints/15-anos/modelos/07.html,https://guanaprints-bit.github.io/catalogos-guanaprints/15-anos/imagenes/07.jpg,Guanaprints
INV15-08,Invitación de 15 años Azul marino y dorado clásico · Modelo 08,"Celebra tus quince con la invitación de 15 años modelo 08: azul marino y dorado clásico. Un diseño especial con detalles calados y acabado elegante. Personalizamos los datos de tu evento: nombre, fecha, hora, lugar y mensaje. Consulta los colores disponibles, cantidades y tiempo de producción. Elaborada bajo pedido por Guanaprints. Precio publicado por pieza.",in stock,new,1.50 USD,https://guanaprints-bit.github.io/catalogos-guanaprints/15-anos/modelos/08.html,https://guanaprints-bit.github.io/catalogos-guanaprints/15-anos/imagenes/08.jpg,Guanaprints
INV15-09,Invitación de 15 años Azul profundo con detalles botánicos · Modelo 09,"Celebra tus quince con la invitación de 15 años modelo 09: azul profundo con detalles botánicos. Un diseño especial con detalles calados y acabado elegante. Personalizamos los datos de tu evento: nombre, fecha, hora, lugar y mensaje. Consulta los colores disponibles, cantidades y tiempo de producción. Elaborada bajo pedido por Guanaprints. Precio publicado por pieza.",in stock,new,1.50 USD,https://guanaprints-bit.github.io/catalogos-guanaprints/15-anos/modelos/09.html,https://guanaprints-bit.github.io/catalogos-guanaprints/15-anos/imagenes/09.jpg,Guanaprints
INV15-11,Invitación de 15 años Dorado calado con interior amarillo · Modelo 11,"Celebra tus quince con la invitación de 15 años modelo 11: dorado calado con interior amarillo. Un diseño especial con detalles calados y acabado elegante. Personalizamos los datos de tu evento: nombre, fecha, hora, lugar y mensaje. Consulta los colores disponibles, cantidades y tiempo de producción. Elaborada bajo pedido por Guanaprints. Precio publicado por pieza.",in stock,new,1.50 USD,https://guanaprints-bit.github.io/catalogos-guanaprints/15-anos/modelos/11.html,https://guanaprints-bit.github.io/catalogos-guanaprints/15-anos/imagenes/11.jpg,Guanaprints
INV15-12,Invitación de 15 años Verde bosque con encaje plateado · Modelo 12,"Celebra tus quince con la invitación de 15 años modelo 12: verde bosque con encaje plateado. Un diseño especial con detalles calados y acabado elegante. Personalizamos los datos de tu evento: nombre, fecha, hora, lugar y mensaje. Consulta los colores disponibles, cantidades y tiempo de producción. Elaborada bajo pedido por Guanaprints. Precio publicado por pieza.",in stock,new,1.50 USD,https://guanaprints-bit.github.io/catalogos-guanaprints/15-anos/modelos/12.html,https://guanaprints-bit.github.io/catalogos-guanaprints/15-anos/imagenes/12.jpg,Guanaprints
INV15-13,Invitación de 15 años Lila floral con diseño desplegable · Modelo 13,"Celebra tus quince con la invitación de 15 años modelo 13: lila floral con diseño desplegable. Un diseño especial con detalles calados y acabado elegante. Personalizamos los datos de tu evento: nombre, fecha, hora, lugar y mensaje. Consulta los colores disponibles, cantidades y tiempo de producción. Elaborada bajo pedido por Guanaprints. Precio publicado por pieza.",in stock,new,1.50 USD,https://guanaprints-bit.github.io/catalogos-guanaprints/15-anos/modelos/13.html,https://guanaprints-bit.github.io/catalogos-guanaprints/15-anos/imagenes/13.jpg,Guanaprints
INV15-15,Invitación de 15 años Marfil y rosa con inicial central · Modelo 15,"Celebra tus quince con la invitación de 15 años modelo 15: marfil y rosa con inicial central. Un diseño especial con detalles calados y acabado elegante. Personalizamos los datos de tu evento: nombre, fecha, hora, lugar y mensaje. Consulta los colores disponibles, cantidades y tiempo de producción. Elaborada bajo pedido por Guanaprints. Precio publicado por pieza.",in stock,new,1.50 USD,https://guanaprints-bit.github.io/catalogos-guanaprints/15-anos/modelos/15.html,https://guanaprints-bit.github.io/catalogos-guanaprints/15-anos/imagenes/15.jpg,Guanaprints
INV15-16,Invitación de 15 años Rosa antiguo con detalles dorados · Modelo 16,"Celebra tus quince con la invitación de 15 años modelo 16: rosa antiguo con detalles dorados. Un diseño especial con detalles calados y acabado elegante. Personalizamos los datos de tu evento: nombre, fecha, hora, lugar y mensaje. Consulta los colores disponibles, cantidades y tiempo de producción. Elaborada bajo pedido por Guanaprints. Precio publicado por pieza.",in stock,new,1.50 USD,https://guanaprints-bit.github.io/catalogos-guanaprints/15-anos/modelos/16.html,https://guanaprints-bit.github.io/catalogos-guanaprints/15-anos/imagenes/16.jpg,Guanaprints
INV15-17,Invitación de 15 años Rosa floral con lazo fucsia · Modelo 17,"Celebra tus quince con la invitación de 15 años modelo 17: rosa floral con lazo fucsia. Un diseño especial con detalles calados y acabado elegante. Personalizamos los datos de tu evento: nombre, fecha, hora, lugar y mensaje. Consulta los colores disponibles, cantidades y tiempo de producción. Elaborada bajo pedido por Guanaprints. Precio publicado por pieza.",in stock,new,1.50 USD,https://guanaprints-bit.github.io/catalogos-guanaprints/15-anos/modelos/17.html,https://guanaprints-bit.github.io/catalogos-guanaprints/15-anos/imagenes/17.jpg,Guanaprints
INV15-19,Invitación de 15 años Rosa empolvado con encaje · Modelo 19,"Celebra tus quince con la invitación de 15 años modelo 19: rosa empolvado con encaje. Un diseño especial con detalles calados y acabado elegante. Personalizamos los datos de tu evento: nombre, fecha, hora, lugar y mensaje. Consulta los colores disponibles, cantidades y tiempo de producción. Elaborada bajo pedido por Guanaprints. Precio publicado por pieza.",in stock,new,1.50 USD,https://guanaprints-bit.github.io/catalogos-guanaprints/15-anos/modelos/19.html,https://guanaprints-bit.github.io/catalogos-guanaprints/15-anos/imagenes/19.jpg,Guanaprints
INV15-21,Invitación de 15 años Azul y marfil con ornamento dorado · Modelo 21,"Celebra tus quince con la invitación de 15 años modelo 21: azul y marfil con ornamento dorado. Un diseño especial con detalles calados y acabado elegante. Personalizamos los datos de tu evento: nombre, fecha, hora, lugar y mensaje. Consulta los colores disponibles, cantidades y tiempo de producción. Elaborada bajo pedido por Guanaprints. Precio publicado por pieza.",in stock,new,1.50 USD,https://guanaprints-bit.github.io/catalogos-guanaprints/15-anos/modelos/21.html,https://guanaprints-bit.github.io/catalogos-guanaprints/15-anos/imagenes/21.jpg,Guanaprints
INV15-23,Invitación de 15 años Calado ornamental en azul y oro · Modelo 23,"Celebra tus quince con la invitación de 15 años modelo 23: calado ornamental en azul y oro. Un diseño especial con detalles calados y acabado elegante. Personalizamos los datos de tu evento: nombre, fecha, hora, lugar y mensaje. Consulta los colores disponibles, cantidades y tiempo de producción. Elaborada bajo pedido por Guanaprints. Precio publicado por pieza.",in stock,new,1.50 USD,https://guanaprints-bit.github.io/catalogos-guanaprints/15-anos/modelos/23.html,https://guanaprints-bit.github.io/catalogos-guanaprints/15-anos/imagenes/23.jpg,Guanaprints
INV15-24,Invitación de 15 años Rosa lavanda con encaje floral · Modelo 24,"Celebra tus quince con la invitación de 15 años modelo 24: rosa lavanda con encaje floral. Un diseño especial con detalles calados y acabado elegante. Personalizamos los datos de tu evento: nombre, fecha, hora, lugar y mensaje. Consulta los colores disponibles, cantidades y tiempo de producción. Elaborada bajo pedido por Guanaprints. Precio publicado por pieza.",in stock,new,1.50 USD,https://guanaprints-bit.github.io/catalogos-guanaprints/15-anos/modelos/24.html,https://guanaprints-bit.github.io/catalogos-guanaprints/15-anos/imagenes/24.jpg,Guanaprints
INV15-25,Invitación de 15 años Terracota y azul con contraste moderno · Modelo 25,"Celebra tus quince con la invitación de 15 años modelo 25: terracota y azul con contraste moderno. Un diseño especial con detalles calados y acabado elegante. Personalizamos los datos de tu evento: nombre, fecha, hora, lugar y mensaje. Consulta los colores disponibles, cantidades y tiempo de producción. Elaborada bajo pedido por Guanaprints. Precio publicado por pieza.",in stock,new,1.50 USD,https://guanaprints-bit.github.io/catalogos-guanaprints/15-anos/modelos/25.html,https://guanaprints-bit.github.io/catalogos-guanaprints/15-anos/imagenes/25.jpg,Guanaprints
INV15-26,Invitación de 15 años Mandala azul con tonos cálidos · Modelo 26,"Celebra tus quince con la invitación de 15 años modelo 26: mandala azul con tonos cálidos. Un diseño especial con detalles calados y acabado elegante. Personalizamos los datos de tu evento: nombre, fecha, hora, lugar y mensaje. Consulta los colores disponibles, cantidades y tiempo de producción. Elaborada bajo pedido por Guanaprints. Precio publicado por pieza.",in stock,new,1.50 USD,https://guanaprints-bit.github.io/catalogos-guanaprints/15-anos/modelos/26.html,https://guanaprints-bit.github.io/catalogos-guanaprints/15-anos/imagenes/26.jpg,Guanaprints
INV15-27,Invitación de 15 años Azul marino con lazo plateado · Modelo 27,"Celebra tus quince con la invitación de 15 años modelo 27: azul marino con lazo plateado. Un diseño especial con detalles calados y acabado elegante. Personalizamos los datos de tu evento: nombre, fecha, hora, lugar y mensaje. Consulta los colores disponibles, cantidades y tiempo de producción. Elaborada bajo pedido por Guanaprints. Precio publicado por pieza.",in stock,new,1.50 USD,https://guanaprints-bit.github.io/catalogos-guanaprints/15-anos/modelos/27.html,https://guanaprints-bit.github.io/catalogos-guanaprints/15-anos/imagenes/27.jpg,Guanaprints
INV15-31,Invitación de 15 años Dorado con acentos azul real · Modelo 31,"Celebra tus quince con la invitación de 15 años modelo 31: dorado con acentos azul real. Un diseño especial con detalles calados y acabado elegante. Personalizamos los datos de tu evento: nombre, fecha, hora, lugar y mensaje. Consulta los colores disponibles, cantidades y tiempo de producción. Elaborada bajo pedido por Guanaprints. Precio publicado por pieza.",in stock,new,1.50 USD,https://guanaprints-bit.github.io/catalogos-guanaprints/15-anos/modelos/31.html,https://guanaprints-bit.github.io/catalogos-guanaprints/15-anos/imagenes/31.jpg,Guanaprints
INV15-32,Invitación de 15 años Verde y aqua con flores caladas · Modelo 32,"Celebra tus quince con la invitación de 15 años modelo 32: verde y aqua con flores caladas. Un diseño especial con detalles calados y acabado elegante. Personalizamos los datos de tu evento: nombre, fecha, hora, lugar y mensaje. Consulta los colores disponibles, cantidades y tiempo de producción. Elaborada bajo pedido por Guanaprints. Precio publicado por pieza.",in stock,new,1.50 USD,https://guanaprints-bit.github.io/catalogos-guanaprints/15-anos/modelos/32.html,https://guanaprints-bit.github.io/catalogos-guanaprints/15-anos/imagenes/32.jpg,Guanaprints
INV15-33,Invitación de 15 años Diseño floral multicolor · Modelo 33,"Celebra tus quince con la invitación de 15 años modelo 33: diseño floral multicolor. Un diseño especial con detalles calados y acabado elegante. Personalizamos los datos de tu evento: nombre, fecha, hora, lugar y mensaje. Consulta los colores disponibles, cantidades y tiempo de producción. Elaborada bajo pedido por Guanaprints. Precio publicado por pieza.",in stock,new,1.50 USD,https://guanaprints-bit.github.io/catalogos-guanaprints/15-anos/modelos/33.html,https://guanaprints-bit.github.io/catalogos-guanaprints/15-anos/imagenes/33.jpg,Guanaprints
INV15-34,Invitación de 15 años Rosa pastel con encaje floral · Modelo 34,"Celebra tus quince con la invitación de 15 años modelo 34: rosa pastel con encaje floral. Un diseño especial con detalles calados y acabado elegante. Personalizamos los datos de tu evento: nombre, fecha, hora, lugar y mensaje. Consulta los colores disponibles, cantidades y tiempo de producción. Elaborada bajo pedido por Guanaprints. Precio publicado por pieza.",in stock,new,1.50 USD,https://guanaprints-bit.github.io/catalogos-guanaprints/15-anos/modelos/34.html,https://guanaprints-bit.github.io/catalogos-guanaprints/15-anos/imagenes/34.jpg,Guanaprints
INV15-44,Invitación de 15 años Mandala calado en rosa y dorado · Modelo 44,"Celebra tus quince con la invitación de 15 años modelo 44: mandala calado en rosa y dorado. Un diseño especial con detalles calados y acabado elegante. Personalizamos los datos de tu evento: nombre, fecha, hora, lugar y mensaje. Consulta los colores disponibles, cantidades y tiempo de producción. Elaborada bajo pedido por Guanaprints. Precio publicado por pieza.",in stock,new,1.50 USD,https://guanaprints-bit.github.io/catalogos-guanaprints/15-anos/modelos/44.html,https://guanaprints-bit.github.io/catalogos-guanaprints/15-anos/imagenes/44.jpg,Guanaprints
INV15-45,Invitación de 15 años Calado radial en tonos coral · Modelo 45,"Celebra tus quince con la invitación de 15 años modelo 45: calado radial en tonos coral. Un diseño especial con detalles calados y acabado elegante. Personalizamos los datos de tu evento: nombre, fecha, hora, lugar y mensaje. Consulta los colores disponibles, cantidades y tiempo de producción. Elaborada bajo pedido por Guanaprints. Precio publicado por pieza.",in stock,new,1.50 USD,https://guanaprints-bit.github.io/catalogos-guanaprints/15-anos/modelos/45.html,https://guanaprints-bit.github.io/catalogos-guanaprints/15-anos/imagenes/45.jpg,Guanaprints
INV15-46,Invitación de 15 años Rosa floral con detalles azulados · Modelo 46,"Celebra tus quince con la invitación de 15 años modelo 46: rosa floral con detalles azulados. Un diseño especial con detalles calados y acabado elegante. Personalizamos los datos de tu evento: nombre, fecha, hora, lugar y mensaje. Consulta los colores disponibles, cantidades y tiempo de producción. Elaborada bajo pedido por Guanaprints. Precio publicado por pieza.",in stock,new,1.50 USD,https://guanaprints-bit.github.io/catalogos-guanaprints/15-anos/modelos/46.html,https://guanaprints-bit.github.io/catalogos-guanaprints/15-anos/imagenes/46.jpg,Guanaprints
INV15-47,Invitación de 15 años Flores crema con acentos vino · Modelo 47,"Celebra tus quince con la invitación de 15 años modelo 47: flores crema con acentos vino. Un diseño especial con detalles calados y acabado elegante. Personalizamos los datos de tu evento: nombre, fecha, hora, lugar y mensaje. Consulta los colores disponibles, cantidades y tiempo de producción. Elaborada bajo pedido por Guanaprints. Precio publicado por pieza.",in stock,new,1.50 USD,https://guanaprints-bit.github.io/catalogos-guanaprints/15-anos/modelos/47.html,https://guanaprints-bit.github.io/catalogos-guanaprints/15-anos/imagenes/47.jpg,Guanaprints
INV15-48,Invitación de 15 años Azul y marfil con flores delicadas · Modelo 48,"Celebra tus quince con la invitación de 15 años modelo 48: azul y marfil con flores delicadas. Un diseño especial con detalles calados y acabado elegante. Personalizamos los datos de tu evento: nombre, fecha, hora, lugar y mensaje. Consulta los colores disponibles, cantidades y tiempo de producción. Elaborada bajo pedido por Guanaprints. Precio publicado por pieza.",in stock,new,1.50 USD,https://guanaprints-bit.github.io/catalogos-guanaprints/15-anos/modelos/48.html,https://guanaprints-bit.github.io/catalogos-guanaprints/15-anos/imagenes/48.jpg,Guanaprints
INV15-49,Invitación de 15 años Estilo vintage en café y verde · Modelo 49,"Celebra tus quince con la invitación de 15 años modelo 49: estilo vintage en café y verde. Un diseño especial con detalles calados y acabado elegante. Personalizamos los datos de tu evento: nombre, fecha, hora, lugar y mensaje. Consulta los colores disponibles, cantidades y tiempo de producción. Elaborada bajo pedido por Guanaprints. Precio publicado por pieza.",in stock,new,1.50 USD,https://guanaprints-bit.github.io/catalogos-guanaprints/15-anos/modelos/49.html,https://guanaprints-bit.github.io/catalogos-guanaprints/15-anos/imagenes/49.jpg,Guanaprints
INV15-50,Invitación de 15 años Mandala azul real y dorado · Modelo 50,"Celebra tus quince con la invitación de 15 años modelo 50: mandala azul real y dorado. Un diseño especial con detalles calados y acabado elegante. Personalizamos los datos de tu evento: nombre, fecha, hora, lugar y mensaje. Consulta los colores disponibles, cantidades y tiempo de producción. Elaborada bajo pedido por Guanaprints. Precio publicado por pieza.",in stock,new,1.50 USD,https://guanaprints-bit.github.io/catalogos-guanaprints/15-anos/modelos/50.html,https://guanaprints-bit.github.io/catalogos-guanaprints/15-anos/imagenes/50.jpg,Guanaprints
INV15-51,Invitación de 15 años Mariposa azul sobre diseño floral · Modelo 51,"Celebra tus quince con la invitación de 15 años modelo 51: mariposa azul sobre diseño floral. Un diseño especial con detalles calados y acabado elegante. Personalizamos los datos de tu evento: nombre, fecha, hora, lugar y mensaje. Consulta los colores disponibles, cantidades y tiempo de producción. Elaborada bajo pedido por Guanaprints. Precio publicado por pieza.",in stock,new,1.50 USD,https://guanaprints-bit.github.io/catalogos-guanaprints/15-anos/modelos/51.html,https://guanaprints-bit.github.io/catalogos-guanaprints/15-anos/imagenes/51.jpg,Guanaprints
INV15-54,Invitación de 15 años Diseño calado azul con flores rosas · Modelo 54,"Celebra tus quince con la invitación de 15 años modelo 54: diseño calado azul con flores rosas. Un diseño especial con detalles calados y acabado elegante. Personalizamos los datos de tu evento: nombre, fecha, hora, lugar y mensaje. Consulta los colores disponibles, cantidades y tiempo de producción. Elaborada bajo pedido por Guanaprints. Precio publicado por pieza.",in stock,new,1.50 USD,https://guanaprints-bit.github.io/catalogos-guanaprints/15-anos/modelos/54.html,https://guanaprints-bit.github.io/catalogos-guanaprints/15-anos/imagenes/54.jpg,Guanaprints
INV15-55,Invitación de 15 años Azul y blanco con flores delicadas · Modelo 55,"Celebra tus quince con la invitación de 15 años modelo 55: azul y blanco con flores delicadas. Un diseño especial con detalles calados y acabado elegante. Personalizamos los datos de tu evento: nombre, fecha, hora, lugar y mensaje. Consulta los colores disponibles, cantidades y tiempo de producción. Elaborada bajo pedido por Guanaprints. Precio publicado por pieza.",in stock,new,1.50 USD,https://guanaprints-bit.github.io/catalogos-guanaprints/15-anos/modelos/55.html,https://guanaprints-bit.github.io/catalogos-guanaprints/15-anos/imagenes/55.jpg,Guanaprints
INV15-56,Invitación de 15 años Rosa y azul con marco de encaje · Modelo 56,"Celebra tus quince con la invitación de 15 años modelo 56: rosa y azul con marco de encaje. Un diseño especial con detalles calados y acabado elegante. Personalizamos los datos de tu evento: nombre, fecha, hora, lugar y mensaje. Consulta los colores disponibles, cantidades y tiempo de producción. Elaborada bajo pedido por Guanaprints. Precio publicado por pieza.",in stock,new,1.50 USD,https://guanaprints-bit.github.io/catalogos-guanaprints/15-anos/modelos/56.html,https://guanaprints-bit.github.io/catalogos-guanaprints/15-anos/imagenes/56.jpg,Guanaprints
INV15-59,Invitación de 15 años Marfil con lazo vino · Modelo 59,"Celebra tus quince con la invitación de 15 años modelo 59: marfil con lazo vino. Un diseño especial con detalles calados y acabado elegante. Personalizamos los datos de tu evento: nombre, fecha, hora, lugar y mensaje. Consulta los colores disponibles, cantidades y tiempo de producción. Elaborada bajo pedido por Guanaprints. Precio publicado por pieza.",in stock,new,1.50 USD,https://guanaprints-bit.github.io/catalogos-guanaprints/15-anos/modelos/59.html,https://guanaprints-bit.github.io/catalogos-guanaprints/15-anos/imagenes/59.jpg,Guanaprints
INV15-60,Invitación de 15 años Lila con encaje y lazo violeta · Modelo 60,"Celebra tus quince con la invitación de 15 años modelo 60: lila con encaje y lazo violeta. Un diseño especial con detalles calados y acabado elegante. Personalizamos los datos de tu evento: nombre, fecha, hora, lugar y mensaje. Consulta los colores disponibles, cantidades y tiempo de producción. Elaborada bajo pedido por Guanaprints. Precio publicado por pieza.",in stock,new,1.50 USD,https://guanaprints-bit.github.io/catalogos-guanaprints/15-anos/modelos/60.html,https://guanaprints-bit.github.io/catalogos-guanaprints/15-anos/imagenes/60.jpg,Guanaprints
INV15-62,Invitación de 15 años Mariposa lila con marco marfil · Modelo 62,"Celebra tus quince con la invitación de 15 años modelo 62: mariposa lila con marco marfil. Un diseño especial con detalles calados y acabado elegante. Personalizamos los datos de tu evento: nombre, fecha, hora, lugar y mensaje. Consulta los colores disponibles, cantidades y tiempo de producción. Elaborada bajo pedido por Guanaprints. Precio publicado por pieza.",in stock,new,1.50 USD,https://guanaprints-bit.github.io/catalogos-guanaprints/15-anos/modelos/62.html,https://guanaprints-bit.github.io/catalogos-guanaprints/15-anos/imagenes/62.jpg,Guanaprints
INV15-63,Invitación de 15 años Azul floral con acento rosa · Modelo 63,"Celebra tus quince con la invitación de 15 años modelo 63: azul floral con acento rosa. Un diseño especial con detalles calados y acabado elegante. Personalizamos los datos de tu evento: nombre, fecha, hora, lugar y mensaje. Consulta los colores disponibles, cantidades y tiempo de producción. Elaborada bajo pedido por Guanaprints. Precio publicado por pieza.",in stock,new,1.50 USD,https://guanaprints-bit.github.io/catalogos-guanaprints/15-anos/modelos/63.html,https://guanaprints-bit.github.io/catalogos-guanaprints/15-anos/imagenes/63.jpg,Guanaprints
INV15-64,Invitación de 15 años Rosa con ornamento circular · Modelo 64,"Celebra tus quince con la invitación de 15 años modelo 64: rosa con ornamento circular. Un diseño especial con detalles calados y acabado elegante. Personalizamos los datos de tu evento: nombre, fecha, hora, lugar y mensaje. Consulta los colores disponibles, cantidades y tiempo de producción. Elaborada bajo pedido por Guanaprints. Precio publicado por pieza.",in stock,new,1.50 USD,https://guanaprints-bit.github.io/catalogos-guanaprints/15-anos/modelos/64.html,https://guanaprints-bit.github.io/catalogos-guanaprints/15-anos/imagenes/64.jpg,Guanaprints
INV15-69,Invitación de 15 años Rosa con mariposa y detalles calados · Modelo 69,"Celebra tus quince con la invitación de 15 años modelo 69: rosa con mariposa y detalles calados. Un diseño especial con detalles calados y acabado elegante. Personalizamos los datos de tu evento: nombre, fecha, hora, lugar y mensaje. Consulta los colores disponibles, cantidades y tiempo de producción. Elaborada bajo pedido por Guanaprints. Precio publicado por pieza.",in stock,new,1.50 USD,https://guanaprints-bit.github.io/catalogos-guanaprints/15-anos/modelos/69.html,https://guanaprints-bit.github.io/catalogos-guanaprints/15-anos/imagenes/69.jpg,Guanaprints
INV15-70,Invitación de 15 años Rosa y azul con mariposa central · Modelo 70,"Celebra tus quince con la invitación de 15 años modelo 70: rosa y azul con mariposa central. Un diseño especial con detalles calados y acabado elegante. Personalizamos los datos de tu evento: nombre, fecha, hora, lugar y mensaje. Consulta los colores disponibles, cantidades y tiempo de producción. Elaborada bajo pedido por Guanaprints. Precio publicado por pieza.",in stock,new,1.50 USD,https://guanaprints-bit.github.io/catalogos-guanaprints/15-anos/modelos/70.html,https://guanaprints-bit.github.io/catalogos-guanaprints/15-anos/imagenes/70.jpg,Guanaprints
INV15-72,Invitación de 15 años Azul y amarillo con diseño elegante · Modelo 72,"Celebra tus quince con la invitación de 15 años modelo 72: azul y amarillo con diseño elegante. Un diseño especial con detalles calados y acabado elegante. Personalizamos los datos de tu evento: nombre, fecha, hora, lugar y mensaje. Consulta los colores disponibles, cantidades y tiempo de producción. Elaborada bajo pedido por Guanaprints. Precio publicado por pieza.",in stock,new,1.50 USD,https://guanaprints-bit.github.io/catalogos-guanaprints/15-anos/modelos/72.html,https://guanaprints-bit.github.io/catalogos-guanaprints/15-anos/imagenes/72.jpg,Guanaprints
INV15-73,Invitación de 15 años Rosa floral de estilo clásico · Modelo 73,"Celebra tus quince con la invitación de 15 años modelo 73: rosa floral de estilo clásico. Un diseño especial con detalles calados y acabado elegante. Personalizamos los datos de tu evento: nombre, fecha, hora, lugar y mensaje. Consulta los colores disponibles, cantidades y tiempo de producción. Elaborada bajo pedido por Guanaprints. Precio publicado por pieza.",in stock,new,1.50 USD,https://guanaprints-bit.github.io/catalogos-guanaprints/15-anos/modelos/73.html,https://guanaprints-bit.github.io/catalogos-guanaprints/15-anos/imagenes/73.jpg,Guanaprints
INV15-77,Invitación de 15 años Rosa vertical con flores delicadas · Modelo 77,"Celebra tus quince con la invitación de 15 años modelo 77: rosa vertical con flores delicadas. Un diseño especial con detalles calados y acabado elegante. Personalizamos los datos de tu evento: nombre, fecha, hora, lugar y mensaje. Consulta los colores disponibles, cantidades y tiempo de producción. Elaborada bajo pedido por Guanaprints. Precio publicado por pieza.",in stock,new,1.50 USD,https://guanaprints-bit.github.io/catalogos-guanaprints/15-anos/modelos/77.html,https://guanaprints-bit.github.io/catalogos-guanaprints/15-anos/imagenes/77.jpg,Guanaprints
INV15-99,Invitación de 15 años Rosa con rosetón y diseño ornamental · Modelo 99,"Celebra tus quince con la invitación de 15 años modelo 99: rosa con rosetón y diseño ornamental. Un diseño especial con detalles calados y acabado elegante. Personalizamos los datos de tu evento: nombre, fecha, hora, lugar y mensaje. Consulta los colores disponibles, cantidades y tiempo de producción. Elaborada bajo pedido por Guanaprints. Precio publicado por pieza.",in stock,new,1.50 USD,https://guanaprints-bit.github.io/catalogos-guanaprints/15-anos/modelos/99.html,https://guanaprints-bit.github.io/catalogos-guanaprints/15-anos/imagenes/99.jpg,Guanaprints
INV15-163,Invitación de 15 años Mariposa rosa con calado decorativo · Modelo 163,"Celebra tus quince con la invitación de 15 años modelo 163: mariposa rosa con calado decorativo. Un diseño especial con detalles calados y acabado elegante. Personalizamos los datos de tu evento: nombre, fecha, hora, lugar y mensaje. Consulta los colores disponibles, cantidades y tiempo de producción. Elaborada bajo pedido por Guanaprints. Precio publicado por pieza.",in stock,new,1.50 USD,https://guanaprints-bit.github.io/catalogos-guanaprints/15-anos/modelos/163.html,https://guanaprints-bit.github.io/catalogos-guanaprints/15-anos/imagenes/163.jpg,Guanaprints
INV15-170,Invitación de 15 años Dorado floral con acentos rosa y azul · Modelo 170,"Celebra tus quince con la invitación de 15 años modelo 170: dorado floral con acentos rosa y azul. Un diseño especial con detalles calados y acabado elegante. Personalizamos los datos de tu evento: nombre, fecha, hora, lugar y mensaje. Consulta los colores disponibles, cantidades y tiempo de producción. Elaborada bajo pedido por Guanaprints. Precio publicado por pieza.",in stock,new,1.50 USD,https://guanaprints-bit.github.io/catalogos-guanaprints/15-anos/modelos/170.html,https://guanaprints-bit.github.io/catalogos-guanaprints/15-anos/imagenes/170.jpg,Guanaprints
INV15-172,Invitación de 15 años Lila con marco ornamental · Modelo 172,"Celebra tus quince con la invitación de 15 años modelo 172: lila con marco ornamental. Un diseño especial con detalles calados y acabado elegante. Personalizamos los datos de tu evento: nombre, fecha, hora, lugar y mensaje. Consulta los colores disponibles, cantidades y tiempo de producción. Elaborada bajo pedido por Guanaprints. Precio publicado por pieza.",in stock,new,1.50 USD,https://guanaprints-bit.github.io/catalogos-guanaprints/15-anos/modelos/172.html,https://guanaprints-bit.github.io/catalogos-guanaprints/15-anos/imagenes/172.jpg,Guanaprints
INV15-174,Invitación de 15 años Lila con detalles florales · Modelo 174,"Celebra tus quince con la invitación de 15 años modelo 174: lila con detalles florales. Un diseño especial con detalles calados y acabado elegante. Personalizamos los datos de tu evento: nombre, fecha, hora, lugar y mensaje. Consulta los colores disponibles, cantidades y tiempo de producción. Elaborada bajo pedido por Guanaprints. Precio publicado por pieza.",in stock,new,1.50 USD,https://guanaprints-bit.github.io/catalogos-guanaprints/15-anos/modelos/174.html,https://guanaprints-bit.github.io/catalogos-guanaprints/15-anos/imagenes/174.jpg,Guanaprints
INV15-175,Invitación de 15 años Rosa y azul con lazo decorativo · Modelo 175,"Celebra tus quince con la invitación de 15 años modelo 175: rosa y azul con lazo decorativo. Un diseño especial con detalles calados y acabado elegante. Personalizamos los datos de tu evento: nombre, fecha, hora, lugar y mensaje. Consulta los colores disponibles, cantidades y tiempo de producción. Elaborada bajo pedido por Guanaprints. Precio publicado por pieza.",in stock,new,1.50 USD,https://guanaprints-bit.github.io/catalogos-guanaprints/15-anos/modelos/175.html,https://guanaprints-bit.github.io/catalogos-guanaprints/15-anos/imagenes/175.jpg,Guanaprints
INV15-178,Invitación de 15 años Verde floral con acentos malva · Modelo 178,"Celebra tus quince con la invitación de 15 años modelo 178: verde floral con acentos malva. Un diseño especial con detalles calados y acabado elegante. Personalizamos los datos de tu evento: nombre, fecha, hora, lugar y mensaje. Consulta los colores disponibles, cantidades y tiempo de producción. Elaborada bajo pedido por Guanaprints. Precio publicado por pieza.",in stock,new,1.50 USD,https://guanaprints-bit.github.io/catalogos-guanaprints/15-anos/modelos/178.html,https://guanaprints-bit.github.io/catalogos-guanaprints/15-anos/imagenes/178.jpg,Guanaprints
INV15-181,Invitación de 15 años Rosa con composición geométrica · Modelo 181,"Celebra tus quince con la invitación de 15 años modelo 181: rosa con composición geométrica. Un diseño especial con detalles calados y acabado elegante. Personalizamos los datos de tu evento: nombre, fecha, hora, lugar y mensaje. Consulta los colores disponibles, cantidades y tiempo de producción. Elaborada bajo pedido por Guanaprints. Precio publicado por pieza.",in stock,new,1.50 USD,https://guanaprints-bit.github.io/catalogos-guanaprints/15-anos/modelos/181.html,https://guanaprints-bit.github.io/catalogos-guanaprints/15-anos/imagenes/181.jpg,Guanaprints
INV15-183,Invitación de 15 años Floral en tonos menta y rosa · Modelo 183,"Celebra tus quince con la invitación de 15 años modelo 183: floral en tonos menta y rosa. Un diseño especial con detalles calados y acabado elegante. Personalizamos los datos de tu evento: nombre, fecha, hora, lugar y mensaje. Consulta los colores disponibles, cantidades y tiempo de producción. Elaborada bajo pedido por Guanaprints. Precio publicado por pieza.",in stock,new,1.50 USD,https://guanaprints-bit.github.io/catalogos-guanaprints/15-anos/modelos/183.html,https://guanaprints-bit.github.io/catalogos-guanaprints/15-anos/imagenes/183.jpg,Guanaprints
INV15-185,Invitación de 15 años Azul marino con rosas caladas · Modelo 185,"Celebra tus quince con la invitación de 15 años modelo 185: azul marino con rosas caladas. Un diseño especial con detalles calados y acabado elegante. Personalizamos los datos de tu evento: nombre, fecha, hora, lugar y mensaje. Consulta los colores disponibles, cantidades y tiempo de producción. Elaborada bajo pedido por Guanaprints. Precio publicado por pieza.",in stock,new,1.50 USD,https://guanaprints-bit.github.io/catalogos-guanaprints/15-anos/modelos/185.html,https://guanaprints-bit.github.io/catalogos-guanaprints/15-anos/imagenes/185.jpg,Guanaprints
INV15-188,Invitación de 15 años Rosa y dorado con marco ornamental · Modelo 188,"Celebra tus quince con la invitación de 15 años modelo 188: rosa y dorado con marco ornamental. Un diseño especial con detalles calados y acabado elegante. Personalizamos los datos de tu evento: nombre, fecha, hora, lugar y mensaje. Consulta los colores disponibles, cantidades y tiempo de producción. Elaborada bajo pedido por Guanaprints. Precio publicado por pieza.",in stock,new,1.50 USD,https://guanaprints-bit.github.io/catalogos-guanaprints/15-anos/modelos/188.html,https://guanaprints-bit.github.io/catalogos-guanaprints/15-anos/imagenes/188.jpg,Guanaprints
INV15-189,Invitación de 15 años Rosa y azul con cierre decorativo · Modelo 189,"Celebra tus quince con la invitación de 15 años modelo 189: rosa y azul con cierre decorativo. Un diseño especial con detalles calados y acabado elegante. Personalizamos los datos de tu evento: nombre, fecha, hora, lugar y mensaje. Consulta los colores disponibles, cantidades y tiempo de producción. Elaborada bajo pedido por Guanaprints. Precio publicado por pieza.",in stock,new,1.50 USD,https://guanaprints-bit.github.io/catalogos-guanaprints/15-anos/modelos/189.html,https://guanaprints-bit.github.io/catalogos-guanaprints/15-anos/imagenes/189.jpg,Guanaprints
INV15-190,Invitación de 15 años Café y verde con estilo clásico · Modelo 190,"Celebra tus quince con la invitación de 15 años modelo 190: café y verde con estilo clásico. Un diseño especial con detalles calados y acabado elegante. Personalizamos los datos de tu evento: nombre, fecha, hora, lugar y mensaje. Consulta los colores disponibles, cantidades y tiempo de producción. Elaborada bajo pedido por Guanaprints. Precio publicado por pieza.",in stock,new,1.50 USD,https://guanaprints-bit.github.io/catalogos-guanaprints/15-anos/modelos/190.html,https://guanaprints-bit.github.io/catalogos-guanaprints/15-anos/imagenes/190.jpg,Guanaprints
INV15-192,Invitación de 15 años Negro con encaje ornamental · Modelo 192,"Celebra tus quince con la invitación de 15 años modelo 192: negro con encaje ornamental. Un diseño especial con detalles calados y acabado elegante. Personalizamos los datos de tu evento: nombre, fecha, hora, lugar y mensaje. Consulta los colores disponibles, cantidades y tiempo de producción. Elaborada bajo pedido por Guanaprints. Precio publicado por pieza.",in stock,new,1.50 USD,https://guanaprints-bit.github.io/catalogos-guanaprints/15-anos/modelos/192.html,https://guanaprints-bit.github.io/catalogos-guanaprints/15-anos/imagenes/192.jpg,Guanaprints
INV15-193,Invitación de 15 años Lila con silueta de quinceañera · Modelo 193,"Celebra tus quince con la invitación de 15 años modelo 193: lila con silueta de quinceañera. Un diseño especial con detalles calados y acabado elegante. Personalizamos los datos de tu evento: nombre, fecha, hora, lugar y mensaje. Consulta los colores disponibles, cantidades y tiempo de producción. Elaborada bajo pedido por Guanaprints. Precio publicado por pieza.",in stock,new,1.50 USD,https://guanaprints-bit.github.io/catalogos-guanaprints/15-anos/modelos/193.html,https://guanaprints-bit.github.io/catalogos-guanaprints/15-anos/imagenes/193.jpg,Guanaprints
INV15-197,Invitación de 15 años Azul y rosa con torre Eiffel · Modelo 197,"Celebra tus quince con la invitación de 15 años modelo 197: azul y rosa con torre eiffel. Un diseño especial con detalles calados y acabado elegante. Personalizamos los datos de tu evento: nombre, fecha, hora, lugar y mensaje. Consulta los colores disponibles, cantidades y tiempo de producción. Elaborada bajo pedido por Guanaprints. Precio publicado por pieza.",in stock,new,1.50 USD,https://guanaprints-bit.github.io/catalogos-guanaprints/15-anos/modelos/197.html,https://guanaprints-bit.github.io/catalogos-guanaprints/15-anos/imagenes/197.jpg,Guanaprints
INV15-202,Invitación de 15 años Rosa con ilustración de quinceañera · Modelo 202,"Celebra tus quince con la invitación de 15 años modelo 202: rosa con ilustración de quinceañera. Un diseño especial con detalles calados y acabado elegante. Personalizamos los datos de tu evento: nombre, fecha, hora, lugar y mensaje. Consulta los colores disponibles, cantidades y tiempo de producción. Elaborada bajo pedido por Guanaprints. Precio publicado por pieza.",in stock,new,1.50 USD,https://guanaprints-bit.github.io/catalogos-guanaprints/15-anos/modelos/202.html,https://guanaprints-bit.github.io/catalogos-guanaprints/15-anos/imagenes/202.jpg,Guanaprints
INV15-206,Invitación de 15 años Rosa con mariposas caladas · Modelo 206,"Celebra tus quince con la invitación de 15 años modelo 206: rosa con mariposas caladas. Un diseño especial con detalles calados y acabado elegante. Personalizamos los datos de tu evento: nombre, fecha, hora, lugar y mensaje. Consulta los colores disponibles, cantidades y tiempo de producción. Elaborada bajo pedido por Guanaprints. Precio publicado por pieza.",in stock,new,1.50 USD,https://guanaprints-bit.github.io/catalogos-guanaprints/15-anos/modelos/206.html,https://guanaprints-bit.github.io/catalogos-guanaprints/15-anos/imagenes/206.jpg,Guanaprints
INV15-210,Invitación de 15 años Lila floral con marco romántico · Modelo 210,"Celebra tus quince con la invitación de 15 años modelo 210: lila floral con marco romántico. Un diseño especial con detalles calados y acabado elegante. Personalizamos los datos de tu evento: nombre, fecha, hora, lugar y mensaje. Consulta los colores disponibles, cantidades y tiempo de producción. Elaborada bajo pedido por Guanaprints. Precio publicado por pieza.",in stock,new,1.50 USD,https://guanaprints-bit.github.io/catalogos-guanaprints/15-anos/modelos/210.html,https://guanaprints-bit.github.io/catalogos-guanaprints/15-anos/imagenes/210.jpg,Guanaprints
INV15-295,Invitación de 15 años Rosa y marfil con encaje floral · Modelo 295,"Celebra tus quince con la invitación de 15 años modelo 295: rosa y marfil con encaje floral. Un diseño especial con detalles calados y acabado elegante. Personalizamos los datos de tu evento: nombre, fecha, hora, lugar y mensaje. Consulta los colores disponibles, cantidades y tiempo de producción. Elaborada bajo pedido por Guanaprints. Precio publicado por pieza.",in stock,new,1.50 USD,https://guanaprints-bit.github.io/catalogos-guanaprints/15-anos/modelos/295.html,https://guanaprints-bit.github.io/catalogos-guanaprints/15-anos/imagenes/295.jpg,Guanaprints
INV15-300,Invitación de 15 años Marfil y dorado con diseño circular · Modelo 300,"Celebra tus quince con la invitación de 15 años modelo 300: marfil y dorado con diseño circular. Un diseño especial con detalles calados y acabado elegante. Personalizamos los datos de tu evento: nombre, fecha, hora, lugar y mensaje. Consulta los colores disponibles, cantidades y tiempo de producción. Elaborada bajo pedido por Guanaprints. Precio publicado por pieza.",in stock,new,1.50 USD,https://guanaprints-bit.github.io/catalogos-guanaprints/15-anos/modelos/300.html,https://guanaprints-bit.github.io/catalogos-guanaprints/15-anos/imagenes/300.jpg,Guanaprints
INV15-409,Invitación de 15 años Rosa pastel con filigrana · Modelo 409,"Celebra tus quince con la invitación de 15 años modelo 409: rosa pastel con filigrana. Un diseño especial con detalles calados y acabado elegante. Personalizamos los datos de tu evento: nombre, fecha, hora, lugar y mensaje. Consulta los colores disponibles, cantidades y tiempo de producción. Elaborada bajo pedido por Guanaprints. Precio publicado por pieza.",in stock,new,1.50 USD,https://guanaprints-bit.github.io/catalogos-guanaprints/15-anos/modelos/409.html,https://guanaprints-bit.github.io/catalogos-guanaprints/15-anos/imagenes/409.jpg,Guanaprints
INV15-412,Invitación de 15 años Marfil y rosa con calado floral · Modelo 412,"Celebra tus quince con la invitación de 15 años modelo 412: marfil y rosa con calado floral. Un diseño especial con detalles calados y acabado elegante. Personalizamos los datos de tu evento: nombre, fecha, hora, lugar y mensaje. Consulta los colores disponibles, cantidades y tiempo de producción. Elaborada bajo pedido por Guanaprints. Precio publicado por pieza.",in stock,new,1.50 USD,https://guanaprints-bit.github.io/catalogos-guanaprints/15-anos/modelos/412.html,https://guanaprints-bit.github.io/catalogos-guanaprints/15-anos/imagenes/412.jpg,Guanaprints
INV15-413,Invitación de 15 años Fucsia y marfil con encaje · Modelo 413,"Celebra tus quince con la invitación de 15 años modelo 413: fucsia y marfil con encaje. Un diseño especial con detalles calados y acabado elegante. Personalizamos los datos de tu evento: nombre, fecha, hora, lugar y mensaje. Consulta los colores disponibles, cantidades y tiempo de producción. Elaborada bajo pedido por Guanaprints. Precio publicado por pieza.",in stock,new,1.50 USD,https://guanaprints-bit.github.io/catalogos-guanaprints/15-anos/modelos/413.html,https://guanaprints-bit.github.io/catalogos-guanaprints/15-anos/imagenes/413.jpg,Guanaprints
INV15-422,Invitación de 15 años Rosa floral con marco calado · Modelo 422,"Celebra tus quince con la invitación de 15 años modelo 422: rosa floral con marco calado. Un diseño especial con detalles calados y acabado elegante. Personalizamos los datos de tu evento: nombre, fecha, hora, lugar y mensaje. Consulta los colores disponibles, cantidades y tiempo de producción. Elaborada bajo pedido por Guanaprints. Precio publicado por pieza.",in stock,new,1.50 USD,https://guanaprints-bit.github.io/catalogos-guanaprints/15-anos/modelos/422.html,https://guanaprints-bit.github.io/catalogos-guanaprints/15-anos/imagenes/422.jpg,Guanaprints
INV15-423,Invitación de 15 años Champagne con diseño romántico · Modelo 423,"Celebra tus quince con la invitación de 15 años modelo 423: champagne con diseño romántico. Un diseño especial con detalles calados y acabado elegante. Personalizamos los datos de tu evento: nombre, fecha, hora, lugar y mensaje. Consulta los colores disponibles, cantidades y tiempo de producción. Elaborada bajo pedido por Guanaprints. Precio publicado por pieza.",in stock,new,1.50 USD,https://guanaprints-bit.github.io/catalogos-guanaprints/15-anos/modelos/423.html,https://guanaprints-bit.github.io/catalogos-guanaprints/15-anos/imagenes/423.jpg,Guanaprints
INV15-426,Invitación de 15 años Lila y rosa con mandala calado · Modelo 426,"Celebra tus quince con la invitación de 15 años modelo 426: lila y rosa con mandala calado. Un diseño especial con detalles calados y acabado elegante. Personalizamos los datos de tu evento: nombre, fecha, hora, lugar y mensaje. Consulta los colores disponibles, cantidades y tiempo de producción. Elaborada bajo pedido por Guanaprints. Precio publicado por pieza.",in stock,new,1.50 USD,https://guanaprints-bit.github.io/catalogos-guanaprints/15-anos/modelos/426.html,https://guanaprints-bit.github.io/catalogos-guanaprints/15-anos/imagenes/426.jpg,Guanaprints
INV15-428,Invitación de 15 años Lila con corte ornamental · Modelo 428,"Celebra tus quince con la invitación de 15 años modelo 428: lila con corte ornamental. Un diseño especial con detalles calados y acabado elegante. Personalizamos los datos de tu evento: nombre, fecha, hora, lugar y mensaje. Consulta los colores disponibles, cantidades y tiempo de producción. Elaborada bajo pedido por Guanaprints. Precio publicado por pieza.",in stock,new,1.50 USD,https://guanaprints-bit.github.io/catalogos-guanaprints/15-anos/modelos/428.html,https://guanaprints-bit.github.io/catalogos-guanaprints/15-anos/imagenes/428.jpg,Guanaprints
INV15-459,Invitación de 15 años Fucsia con mandala calado · Modelo 459,"Celebra tus quince con la invitación de 15 años modelo 459: fucsia con mandala calado. Un diseño especial con detalles calados y acabado elegante. Personalizamos los datos de tu evento: nombre, fecha, hora, lugar y mensaje. Consulta los colores disponibles, cantidades y tiempo de producción. Elaborada bajo pedido por Guanaprints. Precio publicado por pieza.",in stock,new,1.50 USD,https://guanaprints-bit.github.io/catalogos-guanaprints/15-anos/modelos/459.html,https://guanaprints-bit.github.io/catalogos-guanaprints/15-anos/imagenes/459.jpg,Guanaprints
